name,ring,quadrant,isNew,description
@antfu/eslint-config,Adopt,Tools & Libraries,false,"Modern ESLint configuration with TypeScript support, automatic fixing capabilities"
@tsconfig/node-lts,Adopt,Tools & Libraries,false,Official TypeScript configuration for Node.js LTS environments
defu,Adopt,Tools & Libraries,false,Lightweight object merging utility for configuration composition
typescript,Adopt,Tools & Libraries,false,TypeScript compiler and type system
eslint,Adopt,Tools & Libraries,false,JavaScript/TypeScript linter for code quality enforcement
type-fest,Trial,Tools & Libraries,true,Comprehensive collection of TypeScript utility types for advanced type manipulation
radash,Trial,Tools & Libraries,true,Modern utility library designed specifically for TypeScript
jsonpath-plus,Trial,Tools & Libraries,true,Enhanced JSONPath implementation for querying JSON structures
json-stable-stringify,Trial,Tools & Libraries,true,Deterministic JSON serialization for consistent hashing and comparison
zod,Trial,Tools & Libraries,true,TypeScript-first schema validation library for runtime type safety
uuid,Assess,Tools & Libraries,true,RFC4122 compliant UUID generation for unique identifiers
nanoid,Assess,Tools & Libraries,true,"Tiny, secure, URL-friendly unique string ID generator"
object-hash,Assess,Tools & Libraries,true,JavaScript object hashing library for creating consistent hashes
immutable,Assess,Tools & Libraries,true,Immutable data structures library for functional programming
date-fns,Assess,Tools & Libraries,true,Modern JavaScript date utility library with tree-shaking support
lodash,Hold,Tools & Libraries,false,Comprehensive utility library for JavaScript
ts-essentials,Hold,Tools & Libraries,false,Essential TypeScript utility types
Dual Export Strategy,Adopt,Techniques & Patterns,false,Opinionated + transparent access patterns for library consumers
ADR Methodology,Adopt,Techniques & Patterns,false,Architecture Decision Records for documenting architectural decisions
Configuration Composition,Adopt,Techniques & Patterns,false,Merging configurations using utilities like defu for flexible setup
ES Modules,Adopt,Techniques & Patterns,false,Modern module system with TypeScript support
Universal Adapter Pattern,Trial,Techniques & Patterns,true,Multi-format data handling through common interfaces
Lazy Typing,Trial,Techniques & Patterns,true,Deferred type resolution for flexible type definitions
Canon Pattern,Trial,Techniques & Patterns,true,"Axiomatic type definitions with basis, key, and meta properties"
Tree-shaking Support,Trial,Techniques & Patterns,true,Optimized bundling with unused code elimination
Immutable Data Patterns,Assess,Techniques & Patterns,true,Functional programming approach to data management
Schema Evolution,Assess,Techniques & Patterns,true,Managing type changes over time across different systems
Runtime Validation,Assess,Techniques & Patterns,true,Type safety enforcement at runtime using libraries like Zod
TypeScript Configuration Sharing,Adopt,Features & Capabilities,false,Extendable base configurations for TypeScript projects
ESLint Configuration Composition,Adopt,Features & Capabilities,false,Flexible ESLint setup with customizable rules and options
Multi-format Data Support,Adopt,Features & Capabilities,false,"Support for JSON-LD, MongoDB, REST APIs through unified interfaces"
Type Checking,Adopt,Features & Capabilities,false,Compile-time type safety and validation
Runtime Type Validation,Trial,Features & Capabilities,true,Type safety enforcement at runtime using schema validation
Configuration Merging,Trial,Features & Capabilities,true,Flexible configuration composition and override capabilities
Hot Reloading,Trial,Features & Capabilities,true,Development experience with automatic reloading on changes
Automatic Fixing,Trial,Features & Capabilities,true,ESLint auto-fix capabilities for code quality
Advanced Type Manipulation,Assess,Features & Capabilities,true,Complex type operations and transformations
Data Transformation,Assess,Features & Capabilities,true,Cross-format data conversion and mapping
Caching Strategies,Assess,Features & Capabilities,true,Object hashing and comparison for performance optimization
JSON,Adopt,"Data Structures, Formats & Standards",false,Universal web format for data exchange
JSON-LD,Adopt,"Data Structures, Formats & Standards",false,Semantic web standard for linked data
TypeScript Types,Adopt,"Data Structures, Formats & Standards",false,Canon's primary type system and interface definitions
RFC4122 UUIDs,Adopt,"Data Structures, Formats & Standards",false,Standard unique identifier format
ISO8601 Dates,Adopt,"Data Structures, Formats & Standards",false,Standard temporal format for dates and times
REST APIs,Adopt,"Data Structures, Formats & Standards",false,Universal HTTP integration pattern
MongoDB Documents,Trial,"Data Structures, Formats & Standards",true,Document database format for flexible data storage
YAML,Trial,"Data Structures, Formats & Standards",true,Human-readable configuration format
NanoID,Trial,"Data Structures, Formats & Standards",true,Lightweight alternative to UUIDs for unique identifiers
GraphQL,Trial,"Data Structures, Formats & Standards",true,Query language for APIs with strong typing
JSON Schema,Trial,"Data Structures, Formats & Standards",true,Standard for describing JSON data structure
Tree Structures,Trial,"Data Structures, Formats & Standards",true,Hierarchical data organization patterns
Immutable Collections,Assess,"Data Structures, Formats & Standards",true,Functional programming data structures
MessagePack,Assess,"Data Structures, Formats & Standards",true,Binary serialization format for performance
OpenAPI,Assess,"Data Structures, Formats & Standards",true,API specification standard
SQL Schemas,Assess,"Data Structures, Formats & Standards",true,Relational database structure patterns
WebSockets,Assess,"Data Structures, Formats & Standards",true,Real-time bidirectional communication
Graph Data Structures,Assess,"Data Structures, Formats & Standards",true,Complex relationship modeling
Protocol Buffers,Hold,"Data Structures, Formats & Standards",false,Binary serialization format
gRPC,Hold,"Data Structures, Formats & Standards",false,High-performance RPC framework
XML,Hold,"Data Structures, Formats & Standards",false,Extensible markup language format